
{
  "header": {
    "reportVersion": 1,
    "event": "Allocation failed - JavaScript heap out of memory",
    "trigger": "FatalError",
    "filename": "report.20200716.144410.1844.0.001.json",
    "dumpEventTime": "2020-07-16T14:44:10Z",
    "dumpEventTimeStamp": "1594921450495",
    "processId": 1844,
    "cwd": "C:\\EmerixEAG",
    "commandLine": [
      "C:\\Program Files\\nodejs\\node.exe",
      "C:\\Users\\aclavero\\AppData\\Roaming\\npm/node_modules/@angular/cli/bin/ng",
      "serve"
    ],
    "nodejsVersion": "v12.15.0",
    "wordSize": 64,
    "arch": "x64",
    "platform": "win32",
    "componentVersions": {
      "node": "12.15.0",
      "v8": "7.7.299.13-node.16",
      "uv": "1.33.1",
      "zlib": "1.2.11",
      "brotli": "1.0.7",
      "ares": "1.15.0",
      "modules": "72",
      "nghttp2": "1.40.0",
      "napi": "5",
      "llhttp": "2.0.4",
      "http_parser": "2.9.3",
      "openssl": "1.1.1d",
      "cldr": "35.1",
      "icu": "64.2",
      "tz": "2019c",
      "unicode": "12.1"
    },
    "release": {
      "name": "node",
      "lts": "Erbium",
      "headersUrl": "https://nodejs.org/download/release/v12.15.0/node-v12.15.0-headers.tar.gz",
      "sourceUrl": "https://nodejs.org/download/release/v12.15.0/node-v12.15.0.tar.gz",
      "libUrl": "https://nodejs.org/download/release/v12.15.0/win-x64/node.lib"
    },
    "osName": "Windows_NT",
    "osRelease": "10.0.18363",
    "osVersion": "Windows 10 Enterprise",
    "osMachine": "x86_64",
    "cpus": [
      {
        "model": "Intel(R) Core(TM) i7-8700 CPU @ 3.20GHz",
        "speed": 3192,
        "user": 4485359,
        "nice": 0,
        "sys": 3504125,
        "idle": 221850140,
        "irq": 152421
      },
      {
        "model": "Intel(R) Core(TM) i7-8700 CPU @ 3.20GHz",
        "speed": 3192,
        "user": 1682750,
        "nice": 0,
        "sys": 1780171,
        "idle": 226376703,
        "irq": 64796
      },
      {
        "model": "Intel(R) Core(TM) i7-8700 CPU @ 3.20GHz",
        "speed": 3192,
        "user": 5274421,
        "nice": 0,
        "sys": 2711031,
        "idle": 221854171,
        "irq": 85468
      },
      {
        "model": "Intel(R) Core(TM) i7-8700 CPU @ 3.20GHz",
        "speed": 3192,
        "user": 1400453,
        "nice": 0,
        "sys": 865343,
        "idle": 227573812,
        "irq": 59765
      },
      {
        "model": "Intel(R) Core(TM) i7-8700 CPU @ 3.20GHz",
        "speed": 3192,
        "user": 2956234,
        "nice": 0,
        "sys": 1690890,
        "idle": 225192359,
        "irq": 71281
      },
      {
        "model": "Intel(R) Core(TM) i7-8700 CPU @ 3.20GHz",
        "speed": 3192,
        "user": 1314312,
        "nice": 0,
        "sys": 900390,
        "idle": 227624765,
        "irq": 58093
      },
      {
        "model": "Intel(R) Core(TM) i7-8700 CPU @ 3.20GHz",
        "speed": 3192,
        "user": 2738968,
        "nice": 0,
        "sys": 1568671,
        "idle": 225531843,
        "irq": 84609
      },
      {
        "model": "Intel(R) Core(TM) i7-8700 CPU @ 3.20GHz",
        "speed": 3192,
        "user": 1578531,
        "nice": 0,
        "sys": 1057500,
        "idle": 227203437,
        "irq": 49687
      },
      {
        "model": "Intel(R) Core(TM) i7-8700 CPU @ 3.20GHz",
        "speed": 3192,
        "user": 1301671,
        "nice": 0,
        "sys": 763609,
        "idle": 227774187,
        "irq": 13265
      },
      {
        "model": "Intel(R) Core(TM) i7-8700 CPU @ 3.20GHz",
        "speed": 3192,
        "user": 882937,
        "nice": 0,
        "sys": 501046,
        "idle": 228455500,
        "irq": 5828
      },
      {
        "model": "Intel(R) Core(TM) i7-8700 CPU @ 3.20GHz",
        "speed": 3192,
        "user": 1216703,
        "nice": 0,
        "sys": 686343,
        "idle": 227936421,
        "irq": 16718
      },
      {
        "model": "Intel(R) Core(TM) i7-8700 CPU @ 3.20GHz",
        "speed": 3192,
        "user": 1243609,
        "nice": 0,
        "sys": 623546,
        "idle": 227972328,
        "irq": 10515
      }
    ],
    "networkInterfaces": [
      {
        "name": "Ethernet",
        "internal": false,
        "mac": "b4:2e:99:61:80:c7",
        "address": "192.168.2.19",
        "netmask": "255.255.255.0",
        "family": "IPv4"
      },
      {
        "name": "Ethernet 3",
        "internal": false,
        "mac": "0a:00:27:00:00:10",
        "address": "192.168.56.1",
        "netmask": "255.255.255.0",
        "family": "IPv4"
      },
      {
        "name": "Loopback Pseudo-Interface 1",
        "internal": true,
        "mac": "00:00:00:00:00:00",
        "address": "::1",
        "netmask": "ffff:ffff:ffff:ffff:ffff:ffff:ffff:ffff",
        "family": "IPv6",
        "scopeid": 0
      },
      {
        "name": "Loopback Pseudo-Interface 1",
        "internal": true,
        "mac": "00:00:00:00:00:00",
        "address": "127.0.0.1",
        "netmask": "255.0.0.0",
        "family": "IPv4"
      },
      {
        "name": "vEthernet (Default Switch)",
        "internal": false,
        "mac": "00:15:5d:dc:13:45",
        "address": "192.168.125.209",
        "netmask": "255.255.255.240",
        "family": "IPv4"
      }
    ],
    "host": "WKS143"
  },
  "javascriptStack": {
    "message": "No stack.",
    "stack": [
      "Unavailable."
    ]
  },
  "nativeStack": [
    {
      "pc": "0x00007ff72cf21759",
      "symbol": "std::basic_ostream<char,std::char_traits<char> >::operator<<+10873"
    },
    {
      "pc": "0x00007ff72cf25b7c",
      "symbol": "std::basic_ostream<char,std::char_traits<char> >::operator<<+28316"
    },
    {
      "pc": "0x00007ff72cf24b38",
      "symbol": "std::basic_ostream<char,std::char_traits<char> >::operator<<+24152"
    },
    {
      "pc": "0x00007ff72d01446b",
      "symbol": "v8::base::CPU::has_sse+37723"
    },
    {
      "pc": "0x00007ff72d818d9e",
      "symbol": "v8::Isolate::ReportExternalAllocationLimitReached+94"
    },
    {
      "pc": "0x00007ff72d800de1",
      "symbol": "v8::SharedArrayBuffer::Externalize+833"
    },
    {
      "pc": "0x00007ff72d6ce6ac",
      "symbol": "v8::internal::Heap::EphemeronKeyWriteBarrierFromCode+1436"
    },
    {
      "pc": "0x00007ff72d6d9a50",
      "symbol": "v8::internal::Heap::ProtectUnprotectedMemoryChunks+1312"
    },
    {
      "pc": "0x00007ff72d6d6584",
      "symbol": "v8::internal::Heap::PageFlagsAreConsistent+3204"
    },
    {
      "pc": "0x00007ff72d6cbe13",
      "symbol": "v8::internal::Heap::CollectGarbage+1283"
    },
    {
      "pc": "0x00007ff72d6ca5e4",
      "symbol": "v8::internal::Heap::AddRetainedMap+2356"
    },
    {
      "pc": "0x00007ff72d6eb8b5",
      "symbol": "v8::internal::Factory::NewFillerObject+53"
    },
    {
      "pc": "0x00007ff72d457b89",
      "symbol": "v8::internal::interpreter::JumpTableTargetOffsets::iterator::operator=+4057"
    },
    {
      "pc": "0x00007ff72dc44d3d",
      "symbol": "v8::internal::SetupIsolateDelegate::SetupHeap+567949"
    },
    {
      "pc": "0x00007ff72dc45c71",
      "symbol": "v8::internal::SetupIsolateDelegate::SetupHeap+571841"
    },
    {
      "pc": "0x000000ed03969a9e",
      "symbol": ""
    }
  ],
  "javascriptHeap": {
    "totalMemory": 2152214528,
    "totalCommittedMemory": 2152214528,
    "usedMemory": 2117632312,
    "availableMemory": 47753760,
    "memoryLimit": 2197815296,
    "heapSpaces": {
      "read_only_space": {
        "memorySize": 262144,
        "committedMemory": 262144,
        "capacity": 261872,
        "used": 32296,
        "available": 229576
      },
      "new_space": {
        "memorySize": 2097152,
        "committedMemory": 2097152,
        "capacity": 1047488,
        "used": 202856,
        "available": 844632
      },
      "old_space": {
        "memorySize": 1931849728,
        "committedMemory": 1931849728,
        "capacity": 1908405168,
        "used": 1908373872,
        "available": 31296
      },
      "code_space": {
        "memorySize": 9076736,
        "committedMemory": 9076736,
        "capacity": 7794944,
        "used": 7794944,
        "available": 0
      },
      "map_space": {
        "memorySize": 10227712,
        "committedMemory": 10227712,
        "capacity": 3442080,
        "used": 3442080,
        "available": 0
      },
      "large_object_space": {
        "memorySize": 197730304,
        "committedMemory": 197730304,
        "capacity": 196900120,
        "used": 196900120,
        "available": 0
      },
      "code_large_object_space": {
        "memorySize": 970752,
        "committedMemory": 970752,
        "capacity": 886144,
        "used": 886144,
        "available": 0
      },
      "new_large_object_space": {
        "memorySize": 0,
        "committedMemory": 0,
        "capacity": 1047488,
        "used": 0,
        "available": 1047488
      }
    }
  },
  "resourceUsage": {
    "userCpuSeconds": 255.734,
    "kernelCpuSeconds": 7.343,
    "cpuConsumptionPercent": 3.2555,
    "maxRss": 2698399744,
    "pageFaults": {
      "IORequired": 2025610,
      "IONotRequired": 0
    },
    "fsActivity": {
      "reads": 7807,
      "writes": 18
    }
  },
  "libuv": [
  ],
  "environmentVariables": {
    "ALLUSERSPROFILE": "C:\\ProgramData",
    "APPDATA": "C:\\Users\\aclavero\\AppData\\Roaming",
    "BROWSERSLIST_IGNORE_OLD_DATA": "1",
    "CommonProgramFiles": "C:\\Program Files\\Common Files",
    "CommonProgramFiles(x86)": "C:\\Program Files (x86)\\Common Files",
    "CommonProgramW6432": "C:\\Program Files\\Common Files",
    "COMPUTERNAME": "WKS143",
    "ComSpec": "C:\\WINDOWS\\system32\\cmd.exe",
    "DriverData": "C:\\Windows\\System32\\Drivers\\DriverData",
    "FILESYSTEMROOT": "C:\\Emerix",
    "FPS_BROWSER_APP_PROFILE_STRING": "Internet Explorer",
    "FPS_BROWSER_USER_PROFILE_STRING": "Default",
    "HOMEDRIVE": "H:",
    "HOMEPATH": "\\",
    "HOMESHARE": "\\\\srv012\\home\\aclavero",
    "LIBPATH": "C:\\Pentaho\\Data-Integration",
    "LOCALAPPDATA": "C:\\Users\\aclavero\\AppData\\Local",
    "LOGONSERVER": "\\\\SRVDCP01",
    "MSMPI_BENCHMARKS": "C:\\Program Files\\Microsoft MPI\\Benchmarks\\",
    "MSMPI_BIN": "C:\\Program Files\\Microsoft MPI\\Bin\\",
    "NUMBER_OF_PROCESSORS": "12",
    "OneDrive": "C:\\Users\\aclavero\\OneDrive",
    "ORIGINAL_XDG_CURRENT_DESKTOP": "undefined",
    "OS": "Windows_NT",
    "Path": "C:\\Program Files (x86)\\Common Files\\Oracle\\Java\\javapath;C:\\Program Files\\Microsoft MPI\\Bin\\;F:\\oraclexe\\app\\oracle\\product\\11.2.0\\server\\bin;C:\\ProgramData\\Oracle\\Java\\javapath;C:\\WINDOWS\\system32;C:\\WINDOWS;C:\\WINDOWS\\System32\\Wbem;C:\\WINDOWS\\System32\\WindowsPowerShell\\v1.0\\;C:\\WINDOWS\\System32\\OpenSSH\\;C:\\Program Files\\dotnet\\;C:\\Program Files\\Microsoft SQL Server\\130\\Tools\\Binn\\;C:\\Program Files (x86)\\Microsoft SQL Server\\150\\DTS\\Binn\\;C:\\Program Files (x86)\\Microsoft SQL Server\\110\\DTS\\Binn\\;C:\\Program Files (x86)\\Microsoft SQL Server\\120\\DTS\\Binn\\;C:\\Program Files (x86)\\Microsoft SQL Server\\130\\DTS\\Binn\\;C:\\Program Files (x86)\\Microsoft SQL Server\\140\\DTS\\Binn\\;C:\\Program Files (x86)\\Microsoft Visual Studio\\Shared\\Python36_64\\Scripts\\;C:\\Program Files\\nodejs\\;C:\\Program Files (x86)\\Microsoft SQL Server\\150\\Tools\\Binn\\;C:\\Program Files\\Microsoft SQL Server\\150\\Tools\\Binn\\;C:\\Program Files\\Microsoft SQL Server\\150\\DTS\\Binn\\;C:\\Program Files (x86)\\Microsoft SQL Server\\130\\Tools\\Binn\\;C:\\Program Files\\Microsoft SQL Server\\130\\DTS\\Binn\\;C:\\Program Files\\Microsoft SQL Server\\Client SDK\\ODBC\\130\\Tools\\Binn\\;F:\\Program Files\\Git\\cmd;C:\\Program Files\\PuTTY\\;C:\\Program Files\\Microsoft VS Code\\bin;C:\\Users\\aclavero\\AppData\\Local\\Microsoft\\WindowsApps;C:\\Users\\aclavero\\AppData\\Roaming\\npm;C:\\Users\\aclavero\\AppData\\Local\\Programs\\Microsoft VS Code\\bin",
    "PATHEXT": ".COM;.EXE;.BAT;.CMD;.VBS;.VBE;.JS;.JSE;.WSF;.WSH;.MSC;.CPL",
    "PDI_HOME": "C:\\Pentaho\\Data-Integration",
    "PENTAHO_JAVA_HOME": "C:\\Program Files\\Java\\jdk1.8.0_131",
    "PROCESSOR_ARCHITECTURE": "AMD64",
    "PROCESSOR_IDENTIFIER": "Intel64 Family 6 Model 158 Stepping 10, GenuineIntel",
    "PROCESSOR_LEVEL": "6",
    "PROCESSOR_REVISION": "9e0a",
    "ProgramData": "C:\\ProgramData",
    "ProgramFiles": "C:\\Program Files",
    "ProgramFiles(x86)": "C:\\Program Files (x86)",
    "ProgramW6432": "C:\\Program Files",
    "PSModulePath": "C:\\Users\\aclavero\\Documents\\WindowsPowerShell\\Modules;C:\\Program Files\\WindowsPowerShell\\Modules;C:\\WINDOWS\\system32\\WindowsPowerShell\\v1.0\\Modules;C:\\Program Files (x86)\\Microsoft SQL Server\\130\\Tools\\PowerShell\\Modules\\",
    "PUBLIC": "C:\\Users\\Public",
    "SYBASE": "F:\\Program Files (x86)\\Quest Software\\Toad for Data Analysts 3.0\\",
    "SystemDrive": "C:",
    "SystemRoot": "C:\\WINDOWS",
    "TEMP": "C:\\Users\\aclavero\\AppData\\Local\\Temp",
    "TMP": "C:\\Users\\aclavero\\AppData\\Local\\Temp",
    "USERDNSDOMAIN": "SOFTOFFICE.COM.AR",
    "USERDOMAIN": "SOFTOFFICE",
    "USERDOMAIN_ROAMINGPROFILE": "SOFTOFFICE",
    "USERNAME": "aclavero",
    "USERPROFILE": "C:\\Users\\aclavero",
    "VBOX_MSI_INSTALL_PATH": "C:\\Program Files\\Oracle\\VirtualBox\\",
    "WEBPACK_DEV_SERVER": "true",
    "windir": "C:\\WINDOWS",
    "TERM_PROGRAM": "vscode",
    "TERM_PROGRAM_VERSION": "1.47.0",
    "LANG": "es_ES.UTF-8",
    "COLORTERM": "truecolor",
    "VSCODE_GIT_IPC_HANDLE": "\\\\.\\pipe\\vscode-git-659c0720e4-sock",
    "GIT_ASKPASS": "c:\\Users\\aclavero\\AppData\\Local\\Programs\\Microsoft VS Code\\resources\\app\\extensions\\git\\dist\\askpass.sh",
    "VSCODE_GIT_ASKPASS_NODE": "C:\\Users\\aclavero\\AppData\\Local\\Programs\\Microsoft VS Code\\Code.exe",
    "VSCODE_GIT_ASKPASS_MAIN": "c:\\Users\\aclavero\\AppData\\Local\\Programs\\Microsoft VS Code\\resources\\app\\extensions\\git\\dist\\askpass-main.js"
  },
  "sharedObjects": [
    "C:\\Program Files\\nodejs\\node.exe",
    "C:\\WINDOWS\\SYSTEM32\\ntdll.dll",
    "C:\\WINDOWS\\System32\\KERNEL32.DLL",
    "C:\\WINDOWS\\System32\\KERNELBASE.dll",
    "C:\\WINDOWS\\System32\\WS2_32.dll",
    "C:\\WINDOWS\\System32\\RPCRT4.dll",
    "C:\\WINDOWS\\SYSTEM32\\dbghelp.dll",
    "C:\\WINDOWS\\System32\\ADVAPI32.dll",
    "C:\\WINDOWS\\System32\\ucrtbase.dll",
    "C:\\WINDOWS\\System32\\msvcrt.dll",
    "C:\\WINDOWS\\System32\\sechost.dll",
    "C:\\WINDOWS\\System32\\USER32.dll",
    "C:\\WINDOWS\\System32\\win32u.dll",
    "C:\\WINDOWS\\System32\\GDI32.dll",
    "C:\\WINDOWS\\System32\\gdi32full.dll",
    "C:\\WINDOWS\\System32\\msvcp_win.dll",
    "C:\\WINDOWS\\System32\\PSAPI.DLL",
    "C:\\WINDOWS\\System32\\CRYPT32.dll",
    "C:\\WINDOWS\\System32\\MSASN1.dll",
    "C:\\WINDOWS\\SYSTEM32\\IPHLPAPI.DLL",
    "C:\\WINDOWS\\System32\\bcrypt.dll",
    "C:\\WINDOWS\\SYSTEM32\\USERENV.dll",
    "C:\\WINDOWS\\System32\\profapi.dll",
    "C:\\WINDOWS\\SYSTEM32\\WINMM.dll",
    "C:\\WINDOWS\\SYSTEM32\\winmmbase.dll",
    "C:\\WINDOWS\\System32\\cfgmgr32.dll",
    "C:\\WINDOWS\\System32\\bcryptPrimitives.dll",
    "C:\\WINDOWS\\System32\\IMM32.DLL",
    "C:\\WINDOWS\\System32\\powrprof.dll",
    "C:\\WINDOWS\\System32\\UMPDC.dll",
    "C:\\WINDOWS\\SYSTEM32\\CRYPTBASE.DLL",
    "C:\\WINDOWS\\system32\\uxtheme.dll",
    "C:\\WINDOWS\\System32\\combase.dll",
    "C:\\WINDOWS\\system32\\mswsock.dll",
    "C:\\WINDOWS\\System32\\kernel.appcore.dll",
    "C:\\WINDOWS\\System32\\NSI.dll",
    "C:\\WINDOWS\\SYSTEM32\\dhcpcsvc6.DLL",
    "C:\\WINDOWS\\SYSTEM32\\dhcpcsvc.DLL",
    "C:\\WINDOWS\\SYSTEM32\\DNSAPI.dll",
    "C:\\Windows\\System32\\rasadhlp.dll",
    "C:\\WINDOWS\\System32\\fwpuclnt.dll",
    "C:\\WINDOWS\\system32\\napinsp.dll",
    "C:\\WINDOWS\\system32\\pnrpnsp.dll",
    "C:\\WINDOWS\\System32\\winrnr.dll",
    "C:\\WINDOWS\\system32\\NLAapi.dll",
    "C:\\WINDOWS\\system32\\wshbth.dll"
  ]
}