{
  "Traduct.ingresar": "Enter the Portal",
  "Traduct.terminos_condiciones": "Terms and Conditions",
  "Traduct.inconvenientes_token": "I have problems with the code",
  "Traduct.ingrese_token": "Enter the password for instant access",
  "Traduct.enviamos_token": "We send a code to",
  "Traduct.ingresalo": "enter it",
  "Traduct.enviar_token": "Send Code",
  "Traduct.mails_registrados": "Registered Emails",
  "Traduct.telefonos_registrados": "Registered Phones",
  "Traduct.token_enviar_a": "I chose where to receive the Authentication Code",
  "Traduct.no_superar": "Cannot exceed",
  "Traduct.caracteres": "characters",

  "Traduct.numero_requerido": "Number is required",
  "Traduct.numero": "Number",
  "Traduct.solo_numeros": "Only numbers",
  "Traduct.tipo_doc": "Document type",
  "Traduct.reenviar_token": "Resend Code",
  "Traduct.detalle_productos": "Products Details",
  "Traduct.detalle_promesa": "Promises Details",
  "Traduct.salir": "Exit",
  "Traduct.producto": "Product",
  "Traduct.tipo_producto": "Product Type",
  "Traduct.dias_deuda": "Days Debt",
  "Traduct.monto": "Amount",
  "Traduct.monto_deuda": "Amount Debt",
  "Traduct.libre_deuda": "Debt Free",
  "Traduct.listado_productos": "Your Products",
  "Traduct.descargar": "Download",
  "Traduct.tu_deuda_es": "Your current debt is",
  "Traduct.cant_productos": "Amount of products owed",
  "Traduct.informar_pago": "Report Payment",
  "Traduct.pagar": "Pay",
  "Traduct.pagar_ahora": "¡Pay Now!",
  "Traduct.medio_pago": "Payment Method",
  "Traduct.total_abonado": "Total Subscriber",
  "Traduct.fecha": "Date",
  "Traduct.nro_boleta": "Ballot Number",
  "Traduct.moneda": "Money",
  "Traduct.registrar": "Register",
  "Traduct.comentario": "Commentary",
  "Traduct.comprobante": "Voucher",
  "Traduct.comprobantes": "Vouchers",
  "Traduct.tus_comprobantes": "Your vouchers",
  "Traduct.ultimos_comprobantes": "Latest Vouchers",
  "Traduct.ver_todos_comprobantes": "See all vouchers",
  "Traduct.minimo": "Mín",
  "Traduct.cant_dias_mora": "Number of days past due",
  "Traduct.seleccione_medio_pago": "Select a payment method",
  "Traduct.seleccione_moneda": "Select a Currency",
  "Traduct.requerido": "Required",
  "Traduct.monto_requerido": "Amount Required",
  "Traduct.seleccione_fecha": "Select a Date",
  "Traduct.monto_mayor_cero": "Amount must be greater than zero",
  "Traduct.monto_mayor_superado": "Maximum amount exceeded",
  "Traduct.elegi_como_recibir": "I chose how to receive",
  "Traduct.clave_acceso": "the instant access key",
  "Traduct.pregunta_clave": "Where do you want to receive the password?",
  "Traduct.numero_incorrecto": "The number entered is incorrect.",
  "Traduct.recibir_otro_tel": "I want to receive it on another phone",
  "Traduct.siguiente": "Next",
  "Traduct.importe": "Amount Agreed",
  "Traduct.plazo_de_pago": "Payment Deadline",
  "Traduct.importe_a_pagar": "Total Amount Agreed",

  "Traduct.inicio": "Start",
  "Traduct.mis_cuentas": "My Accounts",
  "Traduct.pagos": "Payments",
  "Traduct.registrar_pago": "Register Payment",
  "Traduct.acuerdos": "Agreements",
  "Traduct.promesa_pago": "Payment promises",
  "Traduct.plan_pago": "Payment plan",
  "Traduct.estado_solicitudes": "Request status",
  "Traduct.tu_perfil": "Your profile",
  "Traduct.preguntas_frecuentes": "Frequent questions",
  "Traduct.notificaciones": "Notifications",
  "Traduct.hola": "Hello",
  "Traduct.acepto_los": "I accept the",

  "Traduct.confirmar_promesa": "Confirm Payment Promises",
  "Traduct.historial_promesa": "Payment Promise History",
  "Traduct.generar_promesa": "Generate Payment Promise",
  "Traduct.estado": "State",
  "Traduct.por_producto": "BY PRODUCT",
  "Traduct.por_monto": "BY AMOUNT",
  "Traduct.periodo": "TIME LAPSE",
  "Traduct.elegir_fecha": "Choose Date",
  "Traduct.ultimas_promesas": "Lastest Payment Promises",
  "Traduct.ver_todas_promesas": "See all the Promises",
  "Traduct.error_fecha_promesa": "Invalid Date. It cannot be less than the current date or exceed the current date in ParamDate days",

  "Traduct.404_msg1": "404 Not Found!!!",
  "Traduct.404_msg2": "Sorry, an error has occured, Requested page not found!",

  "Traduct.volver": "Return",
  "Traduct.obligatorio": "required",
  "Traduct.validando": "Validating code",
  "Traduct.genera": "Generate your Token",
  "Traduct.cargando": "Loading",
  "Traduct.espere": "Please wait...",
  "Traduct.error1": "Authentication failed",
  "Traduct.credenciales": "Invalid credentials",
  "Traduct.continuar": "Continue browsing",
  "Traduct.confirmar": "Confirm"
}
