{
  "Traduct.ingresar": "Ingresar",
  "Traduct.terminos_condiciones": "Términos y condiciones.",
  "Traduct.inconvenientes_token": "Tengo inconvenientes con la clave",
  "Traduct.ingrese_token": "Ingresá la clave de acceso instantáneo",
  "Traduct.enviamos_token": "Enviamos un Código a",
  "Traduct.ingresalo": "ingresalo",
  "Traduct.enviar_token": "Enviar",
  "Traduct.mails_registrados": "Emails registrados",
  "Traduct.telefonos_registrados": "Teléfonos registrados",
  "Traduct.token_enviar_a": "Elegí donde recibir el Código de Autenticación",
  "Traduct.no_superar": "No puede superar los",
  "Traduct.caracteres": "caracteres",

  "Traduct.numero_requerido": "Número es requerido",
  "Traduct.numero": "Número",
  "Traduct.solo_numeros": "Solo números",
  "Traduct.tipo_doc": "Tipo Doc.",
  "Traduct.reenviar_token": "Reenviar Código",
  "Traduct.detalle_productos": "Detalle de producto",
  "Traduct.detalle_promesa": "Detalle de promesa",
  "Traduct.salir": "Salir",
  "Traduct.producto": "Producto",
  "Traduct.tipo_producto": "Tipo Producto",
  "Traduct.dias_deuda": "Días Deuda",
  "Traduct.monto": "Monto",
  "Traduct.monto_deuda": "Monto Deuda",
  "Traduct.libre_deuda": "Libre Deuda",
  "Traduct.listado_productos": "Tus productos",
  "Traduct.descargar": "Descargar",
  "Traduct.tu_deuda_es": "Tu deuda actual es",
  "Traduct.cant_productos": "Cantidad de productos adeudados",
  "Traduct.informar_pago": "Informar Pago",
  "Traduct.pagar": "Pagar",
  "Traduct.medio_pago": "Medio de Pago",
  "Traduct.total_abonado": "Total Abonado",
  "Traduct.fecha": "Fecha",
  "Traduct.nro_boleta": "No. de Boleta/Comprobante",
  "Traduct.moneda": "Moneda",
  "Traduct.registrar": "Registrar",
  "Traduct.comentario": "Comentario",
  "Traduct.comprobante": "Comprobante",
  "Traduct.comprobantes": "Comprobantes",
  "Traduct.tus_comprobantes": "Tus comprobantes",
  "Traduct.minimo": "Mínimo",
  "Traduct.cant_dias_mora": "Cantidad Días de Mora",
  "Traduct.importe": "Importe Acordado",
  "Traduct.plazo_de_pago": "Plazo de Pago",
  "Traduct.importe_a_pagar": "Importe a pagar",

  "Traduct.seleccione_medio_pago": "Seleccione un Medio de pago",
  "Traduct.seleccione_moneda": "Seleccione una Moneda",
  "Traduct.requerido": "Requerido",
  "Traduct.monto_requerido": "Monto Requerido",
  "Traduct.seleccione_fecha": "Seleccione una Fecha",
  "Traduct.monto_mayor_cero": "Monto debe ser mayor a cero",
  "Traduct.monto_mayor_superado": "Monto máximo superado",
  "Traduct.elegi_como_recibir": "Elegí cómo recibir",
  "Traduct.clave_acceso": "la clave de acceso instantáneo",
  "Traduct.pregunta_clave": "¿Dónde querés recibir la clave?",
  "Traduct.numero_incorrecto": "El número ingresado es incorrecto.",
  "Traduct.recibir_otro_tel": "Quiero recibirlo en otro teléfono",
  "Traduct.siguiente": "Siguiente",

  "Traduct.inicio": "Inicio",
  "Traduct.mis_cuentas": "Mis Cuentas",
  "Traduct.pagos": "Pagos",
  "Traduct.registrar_pago": "Registrar Pago",
  "Traduct.acuerdos": "Acuerdos",
  "Traduct.promesa_pago": "Promesas de pago",
  "Traduct.plan_pago": "Plan de pago",
  "Traduct.estado_solicitudes": "Estado de solicitudes",
  "Traduct.tu_perfil": "Tu Perfil",
  "Traduct.preguntas_frecuentes": "Preguntas frecuentes",
  "Traduct.notificaciones": "Notificaciones",
  "Traduct.hola": "Hola",
  "Traduct.acepto_los": "Acepto los",

  "Traduct.confirmar_promesa": "Confirmar Promesea de Pago",
  "Traduct.historial_promesa": "Historial de Promesas de Pago",
  "Traduct.generar_promesa": "Generar Promesa de Pago",
  "Traduct.estado": "Estado",
  "Traduct.por_producto": "POR PRODUCTO",
  "Traduct.por_monto": "POR MONTO",
  "Traduct.periodo": "PERIODO",
  "Traduct.elegir_fecha": "Elegir Fecha",
  "Traduct.ultimas_promesas": "Ultimas Promesas de Pago",
  "Traduct.ver_todas_promesas": "Ver todas las Promesas",
  "Traduct.error_fecha_promesa": "Fecha Invalida. No puede ser menor a la fecha actual ni exceder en ParamDate dias la fecha actual",

  "Traduct.404_msg1": "404 Página No encontrada!!!",
  "Traduct.404_msg2": "Lo sentimos, se ha producido un error. ¡No se encontró la página solicitada!",

  "Traduct.volver": "Volver",
  "Traduct.obligatorio": "Obligatorio",
  "Traduct.validando": "Validando codigo",
  "Traduct.genera": "Genera tu Token",
  "Traduct.cargando": "Cargando",
  "Traduct.espere": "Espere por favor...",
  "Traduct.error1": "Error al autenticar",
  "Traduct.credenciales": "Credenciales Invalidas",
  "Traduct.continuar": "Continuar Navegando",
  "Traduct.confirmar": "Confirmar"
}
